<?xml version="1.0" encoding="UTF-8"?>
<ti:app xmlns:ti="http://ti.appcelerator.org">
    <id>com.chatRichmond.vcu</id>
    <name>CHAT</name>
    <version>1.0</version>
    <publisher>Acharya</publisher>
    <url>http://chatrichmond.org</url>
    <description>undefined</description>
    <copyright>2015 by Acharya</copyright>
    <icon>appicon.png</icon>
    <fullscreen>false</fullscreen>
    <navbar-hidden>false</navbar-hidden>
    <analytics>true</analytics>
    <guid>176335e9-9f78-43ae-93f9-655dd17b96cc</guid>
    <property name="ti.ui.defaultunit" type="string">dp</property>
    <property name="acs-oauth-secret-production" type="string">U4mNHntROmgvCJNlb5sKxwaRrfHgpYZ6</property>
    <property name="acs-oauth-key-production" type="string">k75A7aPPDgJJ1hGIyy0XI9pHu72rKhwU</property>
    <property name="acs-api-key-production" type="string">7VsLg6JjfSLFtW8U45kHrI9QXA5raJF1</property>
    <property name="acs-oauth-secret-development" type="string">mog9zRKDwYjvHh32L9VwvqM8ftbwKpVW</property>
    <property name="acs-oauth-key-development" type="string">ySN1pPkDo5XUx07GY4XIAqMH8pihHe0Q</property>
    <property name="acs-api-key-development" type="string">LUUsjHa78kjwAGuFTViorqvizW6Q0Rt8</property>
    <ios>
        <plist>
            <dict>
                <key>UISupportedInterfaceOrientations~iphone</key>
                <array>
                    <string>UIInterfaceOrientationPortrait</string>
                </array>
                <key>UISupportedInterfaceOrientations~ipad</key>
                <array>
                    <string>UIInterfaceOrientationPortrait</string>
                    <string>UIInterfaceOrientationPortraitUpsideDown</string>
                    <string>UIInterfaceOrientationLandscapeLeft</string>
                    <string>UIInterfaceOrientationLandscapeRight</string>
                </array>
                <key>UIRequiresPersistentWiFi</key>
                <false/>
                <key>UIPrerenderedIcon</key>
                <false/>
                <key>UIStatusBarHidden</key>
                <false/>
                <key>UIStatusBarStyle</key>
                <string>UIStatusBarStyleDefault</string>
            </dict>
        </plist>
    </ios>
    <android xmlns:android="http://schemas.android.com/apk/res/android"/>
    <mobileweb>
        <precache/>
        <splash>
            <enabled>true</enabled>
            <inline-css-images>true</inline-css-images>
        </splash>
        <theme>default</theme>
    </mobileweb>
    <modules>
        <module platform="commonjs">ti.cloud</module>
    </modules>
    <deployment-targets>
        <target device="mobileweb">false</target>
        <target device="ipad">false</target>
        <target device="blackberry">false</target>
        <target device="android">true</target>
        <target device="iphone">true</target>
    </deployment-targets>
    <sdk-version>3.5.1.GA</sdk-version>
</ti:app>
